Context utterance,Response utterance,Implicature 
Should I pay?,No one steals from my cart!,Yes.
Have you seen this movie before?,I’ve seen that movie a thousand times.,Yes.
Can you lend me hundred dollars?,Is this supposed to be some kind of a joke?,No.
Are you gonna marry Lucy?,Are you out of your gourd?,No.
Will you be sure to tell them about it?,Absolutely. Don't worry about a thing.,Yes.
Have you been there?,It's a mountain. Mountains are safe.Mountains have caves. And water. And sticks.,Yes.
And have you any other truths to tell me?,You already know what they are.,Yes.
Do you think the police did a good job?,I don't know. I think so.,Yes.
Are you married?,I'm divorced.,No.
"Will you have tea, Mister Welles?",Thank you.,Yes.
"You don't smoke, do you?",A little bit.,Yes.
You enjoy it?,Made me sick,No.
Did you finish?,I didn't get anywhere.,No.
Did anyone respond angrily because of the lack of bonuses this year?,"Well, that news went over like a lead balloon.",No.
Do you ever throw anything away?,Someday I'm gonna get married and I'm going to need all this stuff.,No.
You've seen rain before... right?,We don't get out much.,No.
Are you the owner of this place?,The owners are in Australia.,No.
Professor Carlson doesn’t accept late assignments. Were you able to finish the midterm project on time?,"It was close, but I slipped it in right under the wire.",No.
"Do you know him?
",I wish I did.,No.
Did you just say you were looking for Arthur?,That information is on a need to know basis.,No.
Can you open this?,No way.,No.
Is your business profitable?,we’re in the black this year.,Yes.
Could you understand the sketch?,It is as clear as mud.,No.
"It's the world dear, did you expect it to be small?",Smaller...,Yes.
Is your boss giving you extra work?,I have to draw the line somewhere!,Yes.
Is this place hot?,As hot as hell,Yes.
Have you ever been to the Southern Oracle ?,"Well, what do you think? I work scientifically.",Yes.
You've seen it?,it's top secret but he's been telling me about it.,No.
Is it for an artist?,It's for an accountant.,No.
Is your uncle serious?,My uncle is a real card.,No.
My client is taking me to a really fancy restaurant tonight. So I am wearing this new cologne. I got a sample of it from a magazine. Can you smell it?,From across the room. But it is not exactly subtle. Is it?,Yes.
Do you really believe that?,I am going to take him at his word.,Yes.
Is the room warm?,It is as cold as ice.,No.
Is he an experienced salesman?,He's just wet behind the ears.,No.
are you following me?,I'll tell you why.,Yes.
"And very handsome, too, don't you think?",I'll see you around the campus.,No.
Are you trying to make me mad?,"I'm just saying, I'd understand if you were upset. ",No.
Did I scare you?,"I just did a freaky number, not like a fantasy trip, but... So I'm kinda.",No.
Does it mean that I'm crazy?,"Crazy isn't a psychiatric diagnosis, Fred.",No.
Did he commit a crime?,He disobeyed an order.,Yes.
Is he a fast runner?,He runs like the wind!,Yes.
"It's horrible, isn't it?","Oh, we're making great progress!",No.
Is it true you rescued a human from drowing?,"Daddy, I had to-",Yes.
Did you make this box?, With my own two hands.,Yes.
Is it too costly?,You are breaking the bank.,Yes.
Is that a big book?,That book is a real doorstopper.,Yes.
Should I decide now?,Why don’t you go home and sleep on it.,No.
Want a piece of chocolate?,I'm allergic to it.,No.
Does he come to attend the meditation class?,Do pigs fly?,No.
"They are against you?
", They... fear me.,No.
Did he believe you?,"He swallowed it hook, line and sinker.",Yes.
Wanna go to Gray's orchard and pick some peaches?,I'm going home.,No.
"You wanna do this right, don't you?",What are you talking About?,No.
Was it expensive?,It cost a bazillion dollars,Yes.
"Now, not another word or I shall have to summon the policeman. Is that clear?",It did happen! I saw it!,No.
Can we look around in your camper?,I'll give you the royal tour.,Yes.
Is this not the most perfect kingdom of them all?,"Well, technically you're not a king.",No.
You okay?,More or less.,Yes.
Did you buy an expensive car?,Our car cost us an arm and a leg.,Yes.
Can I get there?,It's ten thousand miles away.,No.
Were you hiding from me?,I didn't want to scare you.,Yes.
Was that easy to negotiate?,That is as easy as shooting fish in a barrel.,Yes.
Do you suppose the Ivory Tower is still standing?,"Let's hope so, Atreyu. Let's hope so.",Yes.
Please stay for dinner. Would you like to stay forever?,Dinner would be great.,No.
Did they agree to fund?,I think I've lucked out !,Yes.
Aren't you suppose to be in bed?,We couldn't sleep,Yes.
Don't you do the shopping yourself?,No shopping or laundry or housekeeping. I am a professional nanny.,No.
"Oh hey Dad, can we eat now?",Just wait till we get home.,No.
Can you read these instructions?,It's all Greek to me.,No.
Should I pay any attention to Sam?,He is nutty as a fruitcake.,No.
Is the place clean?,It’s a jungle out there.,No.
Do you think he did the theft?,He is as innocent as a lamb,No.
will you be kind enough to come with me?,As you wish.,Yes.
Was that a short documentary?,That documentary went on forever.,Yes.
Remember when we use to have fun?,before you go boring.,Yes.
Any luck getting me replaced?,Is there anyone in this command that you don't either drink or play softball with?,No.
What is the problem. You don't have your car keys?,No problem. Good thing I have left it with my neighbour.,No.
But aren't you afraid?,"Ma'am, sharks never attack anybody.",No.
"You do like it here, don't you, Coraline?","Uh-huh! Good night, Wybie.",No.
Do I have to attend this interview?,Do you want to be a success in this world?,Yes.
Does she always cry like that?,she's usually very Sweet..,No.
Did you talk to Kathy?,My manager talked me out of it.,No.
Am I writing fast?,You are slower than a snail.,No.
Have you started writing your paper on computer programming languages?,"To be true, I had been putting it off.",No.
So he's okay?,Uh... not exactly.,No.
And you think you can got him to just say it?,I think he wants to say it,Yes.
Do you know where the bus stop is?,Actually I am pretty new to this area.,No.
Can I get the money now ?,"Ahh, maybe next summer.",No.
You dug this up all by yourself?,"You told me to look, so I looked.",Yes.
Is that book about lullabies?,It is about symphonies.,No.
Do you think you got an “A” on the test?,Do chickens have lips?,No.
"You're not gonna tell him, are you?","Oh, please, Sebastian, he would never understand.",No.
Is the Pantheon even a church?,Oldest Catholic church in Rome!,Yes.
"I bet its good to be playing again, huh?",It was like having part of me amputated.,No.
Did he do as you instructed?,"You can lead a horse to water, but you can't make it drink.",No.
Did I make a good bet?,You backed the wrong horse.,No.
"Listen, you got anything to sell?",I can't get it.,No.
Is there anything wrong with her??,"Oh, she's just pretending.",No.
You... live here?,"Long time. Long, long time.",Yes.
This is the research office?,I think so.,Yes.
Are you taking this the road to med school?,I'm going to try.,Yes.
Do they close for the winter?,They're open year round.,No.
Did the negotiation go well?,It was as hard as nails.,No.
Do you want me to take her?,I have to burp her first.,No.
Anything to declare?,Some churros... from my family.,Yes.
"You were going to take those cookies, weren't you?",We were caught in the act.,Yes.
Did you like the show?,I got a bang out of it.,Yes.
Do you thing I should buy an iPhone?,I think you can get more bang for your buck with other brands of smartphones,No.
Do you need a a day off?,I can start immediately. Fill me in on the task.,No.
Are you going to spend your vacation in New York this year?,Actually I have a different destination in mind.,No.
You only have water to serve?,This is not just water .It is imported mineral water.,yes.
Are you with me?,To the death!,Yes.
you think he loves you?,"Oh, I know he does.",Yes.
That's what you're afraid of isn't it? ,You bet I am.,Yes.
You really hearing voices?,Just one.,Yes.
You sure this'll happen?,It's in the cards.,Yes.
" Will he really give us that test?
",Does the sun come up in the east these days?,Yes.
Do you have a sufficient amount of fruit and vegetables for the child?,She only eats milk and cereal.,No.
"I've never seen a human this close before. Oh - he's very handsome, isn't he?","I dunno, he looks kinda hairy and slobbery to me.",No.
Do you want a smartphone?,"If I can't get a smartphone, I will die.",Yes.
Is that what this is about? You think Splinter likes me best?,"You'd love that, wouldn't you?",Yes.
"Oh, so this is the best kind?",It's the cheapest.,No.
I feel horrible. Debbie was furious that I lost her notes. Do you think I should apologize her again?,If I were you I would cool off for some days before I talk to her again.,No. 
Can he walk now?,He is as strong as an ox.,Yes.
"Are you sure it's not TOO SOON, honey?",I just wanted to get back to work.,No.
"You're not getting cold fins now, are you?","Who, me? It's just, it, err . . . it looks - damp in there.",No.
Would you come out with me?,"You didn't think I would say yes to that, did you?",Yes.
are you waiting ?,"I think my tunnels might be faster, mate. And um, and safer. ",Yes.
Is it too obvious?,I think it's just the right amount of obvious?,Yes.
Isn't that why we moved here?,Something like that. But then we had the accident.,Yes.
Are you working hard?,I have been burning the midnight oil.,Yes.
Did you tell her about the dress?,I just bit my tongue.,No.
Would you like to go with us for coffee a little later?,I am off caffine .Medical restriction.,No.
"Oh Mister Jake, will you guide us?",At your service!,Yes.
Is your helper old?,She’s as old as the hills.,Yes. 
aren't you coming?,I'm certainly not going to swim across.,No.
Can you meet with me on Wednesday?,I am quite busy Wednesday.,No.
shall I wear this one?,It is gorgeous.,Yes.
Is it fun to play with Katie?,she's more fun than a barrel of monkeys!,Yes.
You don't want to sing this song?,I'm not into it right now.,No.
" Do you have many relatives?
",Is the sky blue?,Yes.
But you're troubled... aren't you?,That's because you keep reminding me.,Yes.
Should we keep promoting our item?,It sells like hot cakes! ,Yes.
Is it really?,These aren't like any treasures I've seen.,Yes.
Is there someone else here too?,"We haven't spoken to anyone else for thousands of years, so we started talking to ourselves.",No.
Have you been avoiding me? Barely seen you since I got home.,I have been busy.,No.
Like for an attic?,Like for a submarine.,No.
Could you play well?,"We were really falling apart, but that goal gave us a shot in the arm.",Yes.
Do you feel you shouldn't take it today?,Today's my birthday. I always make bad decisions on my birthday.,Yes.
Are you hungry?,"I’m dying of starvation, when’s dinner?",Yes.
Is everyone comfortable?,Everyone is on pins and needles,No.
Do you like brussel sprouts?,I hate them.,No.
Is he a naughty?,Boys will be boys.,Yes.
"will you mail these letters for me, please?",More letters. Your friends are going to be very happy to hear from you.,yes.
Is he a careful investor?,He never puts all of his eggs in one basket,Yes.
I am going to conduct my psychology experiment this Saturday. I would be having a handful. Would you help by writing the names of the participants?,I have got some work on my own.,No.
You mean beside Fred?,I mean including Fred.,No.
You think the cops have our phone bugged?,I don't think that's legal,No.
You're sure this time?,I need a map.,No.
Did you build that?,but it's seriously messed up.,Yes.
Are you hungry?,Maybe we can grab a bite on the way.,Yes.
You don't remember them?,Leave me alone!,Yes.
Do you have a girl worth fighting for ?,Wish that I had,No.
"Doctor, will he be alright?","Now, now, my dear. Keep a stiff upper lip. They all come in with a whimper, and leave with a grin. Off with you now.
Leave everything to me.",Yes.
Will they fire him?, His days are numbered.,Yes.
This is a costume?,Aaaiyyyy... worked on it all night long!,Yes.
Should I clean this up?,Don't expect me to act as your maid.,Yes.
Do you want some extra pepper in the lasagne?,Why do you want to ruin it?,No.
You brought the money?,Right here.,Yes.
You really believe I'm ready?,"You are, Po.",Yes.
And Kendrick was clear on what you wanted?,Crystal.,Yes.
Have you ever been in a courtroom?,I once had my drivers license suspended. ,Yes.
Can we go today?,I'm very sick.,No.
Can I still sign-up?,You got an instrument?,Yes.
Will they break this contract?,This contract is as solid as the ground we stand on.,No.
She's not gonna eat me right?,You're too skinny.,No.
Do you want to go to the lecture tonight in the science auditorium.,It is no kidding. I am writing a report on Antartica in my geography class. Maybe I would get some good information to add to it.,Yes.
Aren't you getting ready?,"We've lost our ride, Miriam.",No.
Did you call Carl to the concert?,I tried several times.,No.
So is this the best brand?,Pediatricians recommend this.,Yes.
Did you really say that ? So... how'd you get out of there alive?,"I mean, I didn't actually say that, but I thought it... in my mind. ",No.
"She really does love him, doesn't she, Sebastian?","Well, it's like I always say, Your Majesty. Children got to be free to lead their own lives.",Yes.
"everything alright, sir?","Fine, why do you ask?",Yes.
Is the dress perfect?,it fits like a glove.,Yes.
You think it's a sign?,"Everything has been a sign, why should this be any different?",Yes.
"Did he pass the exam?
",Does a monkey build a house?,No.
is this really necessary?,"Quite necessary, Fiona.",Yes.
You really know how to use that gungave you?,I can tag a breaching porpoise from forty meters off the bow of a rocking ship.,Yes.
Did you bring your blue and yellow sweater for me to wear to the game today? You know I like to wear school colours at the games.,Oh! I knew I forgot something at home.,No.
Can she hide her feeling?,She wears her heart on her sleeve.,No.
Are you taking the other's pokémon?!,Taking them?,No.
Are you just about done with the copying machine?,I just have to make sure that the copies are clear. ,Yes.
Can we solve this together?,Two heads are better than one.,yes.
Did you understand question number three?, I was totally in the dark.,No.
Do you have any ketchup left?,We are swimming in it.,Yes.
Have you tried choosing the apple pie?,I got the last piece. And it was out of this world,yes. 
"What, scared of heights?
"," I dunno, man. After what happened to Johnny Gobs",Yes.
but weren't you wondering where I was?,That's the point! That's why he was seeking you!,Yes.
"He's that bad, huh?","Not only that, but word of this letter's bound to get out.",Yes.
Could you help Bob and me plan a surpise party for Meg?,What can I do?,Yes.
Did you wear a jeans for the meeting?,"They wore jeans, which made me stand out like a sore thumb.",No.
did he say we were close? Did he say that?,It's more what he didn't say.,No.
C-can you can you unlock it?,Not in a million years. But it wouldn't matter;,No
You were a smoker?,Two packs a day.,Yes.
Do you think he has a chance to win?,He doesn't have a ghost of a chance.,No.
Are you coming with me to the exhibition today?,I made plans with Susan to go to the exhibition tomorrow afternoon.,No.
With those stupid uniforms?,Had to give it a try,Yes.
Do you believe everything you hear?,"Oh, I'm not one to judge.",Yes.
They poisoned the rag?,Not according to them.,No.
Do you expect Sheila to be late for the party tonight?,Is the pope Catholic?,Yes.
Have you finished reading what Chris wrote yet?,I read it last night.,Yes.
"Let's have a dance then, shall me?",Don't do that!,No.
Are you sending them an invitation?,Certainly.,Yes.
So they're not going to hurt us?,does it look like any of them are trying to hurt you?,No.
Is the groom taller than the bride?,He is s tall as a giraffe,Yes.
"Shrek, are you okay?",Oh... I can't believe I'm going to be a father.,Yes.
You took my photo off the ofrenda?!,It was an accident!,Yes.
Are you going to keep your part time job the next semest at the biology laboratory?,One semester as lab assistant is enough.,No.
Did they get any evidence?,The house is as clean as a whistle.,No.
Are you going to quit?,Enough is enough.,Yes.
Was that hot?,The sun was scorching?,Yes.
Are you angry at me?,"To err is human, to forgive divine.",No.
You want answers?,I want the truth.,Yes.
Do you have a cold?,We're allergic to youth.,No.
You got authorization from Aunt Ginny?,"I gave her a call like you asked. Very nice woman, we talked for about an hour. ",No.
Did she put on weight?,She is as thin as a rake.,No.
You remember?,Not by choice.,Yes.
You want me to drink this whole thing?,Down the hatch!,Yes.
Are you guys all right in there?,We're fine.,Yes.
"And marriage, does that get easier?",It's hard. We started going to a marriage counselor.,No.
"And then Batman showed up?
"," He saved all our lives, Jim.",Yes.
Are you alright without me?, I can’t live without you.,No.
"would you help me behind this week, to go over these questions again?",How about tomorrow then?,yes.
Are you sure you are not Don Johnson?,It must be a case of mistaken identity.,No.
Is it much farther?,Do you ever say something that isn't a stupid question?,No.
Is this heaven?,It's Iowa.,No.
Does he have work?,He is as busy as a bee.,Yes.
Did you go to the movies last night?,“I had to study last night.,No.
Is he smart?,His brain is the size of a pea.,No.
You thought we weren't?,I thought it might've been one of those made things that adults tell kids...,Yes.
Did you report Private Barnes to your superiors?,"I remember thinking very highly of Private Barnes, and not wanting to see his record tarnished by a formal charge.",No.
Should I be careful?,I want you home all in one piece.,Yes.
Are you guys going to win?,You can bet on it.,Yes.
"Professor, would it surprise you to find those clothes suit you?",It would surprise the hell out of me.,Yes.
Does he love his little girl?,She's the apple of his eye.,Yes.
It's bad isn't it?,We should get you to the doctor.,Yes.
Would you like to come inside'?,"Uh, thanks, but...I don't think I will.",No.
"This, So, this is your new job opportunity? ",You're gonna like this.,Yes.
Have you eve seen anything so wonderful in your entire life? ,"Wow, cool! But, err, what is it?",No.
Is he a good friend?,He's a pain in the neck.,No.
Do you know how to get there?,It's right around the corner.,Yes.
Did you hear they broke up?,It is probably all for the best. They were not getting along well.,Yes.
"They'll be safe, won't they?
",As safe as we can make 'em.,"Yes.
"
You're sure I'm not the Chosen One?,"Emmet, your mother is the most powerful being in the universe.",No.
Would you like to go to a party tonight?,I am too tired.,No.
Can you make a cake?,Can birds fly?,Yes.
Will these go away?,It's probably a functional impairment.,No.
You mean you don't know who she is?,No way.,Yes.
YOU all buddies?,Except for Skip and Nan. Them we just met.,No.
Do you feel comfortable here?,From day one.,Yes.
"I'm the Chosen One, remember?",I guess that makes two of us.,No.
You got anything to sell? , I can get it.,Yes.
"Good evening, George. Is anything the matter?",I'm afraid there is.,Yes.
Is she a chatterbox?,She never stops talking.,Yes.
"You stole that doll, didn't you?","Well, i-it looked just like you.",Yes
Can I get that doll?,Great! I'd love to get rid of it!,Yes.
Is it that obvious?,"Well, you do kinda stand out.",Yes.
Did you buy this pretty feather boy?,It was a present.,No.
You're gonna be seeing a lot of me. You're sure you don't mind?,It's good what you're doing.,Yes.
"But that's going a bit too far, don't you think?",Indubitably.,Yes.
That cake looks delicious. Aren't you going to have some with me?,I am allergic to chocolate.,No.
Do you mind if I ask Raimondo to go with him?,I don't see why I should mind.,No.
Did he assist you?,He helped me finish my paper,Yes.
Are you tired?, I've been burning the candle at both ends all week.,Yes.
Then it's the worst kind?,"They're all good, sir.",No.
You're leaving?,It has been a pleasure my Queen.,Yes.
Don't you ever think about having a family?,"Right now, you're my family.",No.
You want to do this to the whole world?,So the whole world will be exactly how I want.,Yes.
"Well, will you ask Mrs. Brill?","Not for a hundred quid, ma'am.",No.
I thought you said this was a difficult problem?,It's as easy as pie.,No.
Is he fat?,He is skinny enough to jump through a keyhole.,No.
You okay?,"I'm dying, kid.",No.
"Well, now that don't seem likely, does it?",It's true.,Yes.
Are you leaving at dawn for South America?,the night's still young!...,Yes.
Do you actually know all these people?,Some.,No.
And you say that came from Lisca Bianca?,It couldn't have come from anywhere else.,Yes.
You've been sneaking second helpings haven't you?,"Well you never know what meal is gonna be your last, especially with your cooking. ",Yes.
Does he talk a lot?,He talks a mile a minute.,Yes.
Is Marci grumpy?,he's as gentle as a lamb,No.
Can I get a small one?,"They come in all sizes honey, just like shoes.",Yes.
Does she always cry like that?,It's only because she's teething.,No.
Was the hall decorated well?,It was decorated with a million flowers.,Yes.
Did she sing well?,"Can you get feathers from a tortoise?
",No.
Special occasion?,I don't know. I guess so,Yes.
Can you forgive me?,"Hey, that's what friends are for, right?",Yes.
Did it rain yesterday?,We've been having quite a dry spell lately.,No.
"Did you invite john?
",He's such a wet blanket,No. 
"Is he available ?
","He's all tied up in the staff meeting.
",No.
"Ariel, are you okay?",If only I could make him understand.,No.
Does she know how to play a piano?,Now it is like second nature to her.,Yes.
Exactly the way it was?,Down to the last slime-covered toadstool.,Yes.
Do you think we should make a reservation at the restaurant?,That is a place which gets crowded only on weekends.,No.
Did I I see you with Jane at the supermarket?,"We just bumped into each other.""",Yes.
Is he generous?,He would give you the shirt off his back,Yes.
Did you order the code red?,You're goddamn right,Yes.
Could they compete against online platforms?,They were fighting a losing battle.,No.
Should we repay you?,"There is no charge for awesomeness, or attractiveness.",No.
"Now, are you familiar with the Narnia lullabies?",I'm afraid I'm Not,No.
Is this shoe comfortable?,These dress shoes are killing me.,No.
Does it rain here nowadays?,It’s been raining for 40 days and 40 nights.,Yes.
You invented fire?,I told you that.,Yes.
Is this really the best time to talk?,"Well, so far…",Yes.
Could you make me taller?,I can make anything you like to eat.,No.
"what, are you mad? How could you - what is all this?","It, err, it's just my - collection. . . .",No.
is this the ferry to the St. John house?,Any second now.,Yes.
Were they excited?,you could feel a ripple of excitement.,Yes.
Have you found another school for the children?,We're still shopping around.,Yes.
And did the young lady who was with you here?,She said she had to catch a Train.,No.
Do you think we wont be able to make it to the meeting tomorrow evening?,I just found out that I have to work overtime.,Yes.
Can your granmother hear?,She can hear a pin drop a mile away.,Yes.
"Can you get this suitcase to her parents, if you think it's appropriate?",I'll do what I can.,Yes.
Are you tired?, I’m so tired I could sleep for a million years.,Yes.
Did you clean your room?,Then why do I need to clean?,No.
Didn't I tell you to take out the garbage?,"Coming, Dad!",Yes.
That cake looks delicious. Aren't you going to have some with me?,I am watching my calorie intake.,No.
"You okay, Ernst?",I must've gagged. Did I pass out?,No.
Couldn't I have some more now?,I don't want to ruin you appetite.,No.
Did I do something wrong?,I have an axe to grind with you.,Yes.
"Do you want a cigar, Father?
",They're very bad for you.,No.
Does my smoking bother you?,it reminds me.,No.
Can I put some music on? It helps me to relax while I am studying.,I am having a hard time concentrating on this chapter as it is.,No.
"Bit early tonight, aren't you, admiral?","Nonsense. Bang on the dot, as usual.",No.
Is he fat?,He’s as skinny as a toothpick.,No.
Excuse me. Did anybody find a black umbrella after the show?,"Ask Jack at the ticket counter, that’s where we turn in the lost and found items.",Yes.
Aren't you scared?,"Well, that's just fine.",No.
Is it an easy job?,She works her fingers to the bone.,No.
"So wait, I'm really the only heir?",The one and only.,Yes.
Did he run fast?,That runner’s faster than the speed of lightning.,Yes.
Are you a very good tennis player?,I'm above average.,Yes.
Did he ever fall back on a run?,"All the time, sir.",Yes.
You sure you won't come?,"Don't fret, Charlie, they'll love the new catalog. At least, they'll love my chapters.",Yes.
Is the game still on?,it's all over.,No.
"Seagull? What? Oh - you went up to the surface again, didn't you?",Nothing - happened. . . .,Yes.
Will you stay if we promise to be good?,"Och! That's a piecrust promise. Easily made, easily broken.",No.
Do you think hysteria could do that?,It's being doing it for centuries.,Yes.
Did you check everywhere?,I checked every nook and cranny.,Yes.
Can I help you with that?,Why thank you!,Yes.
Did you ever regret it?,It was hard,Yes.
"you weren't supposed to follow me, were you?",Sorry. My fault.,No.
is there nothing we can do about Mr. Tumnus?,well.. there's hope!,No.
Did you book the tickets?,Is rain wet?,Yes.
"Have you found him yet?
",We're still looking.,No.
Do you have these journals?,I can have them flown here from Geneva in an hour.,No.
Have you tried cashing that refund cheque at the book store?,Oh Gosh Thank you for reminding me.,No.
Can I call you in a little while?,It's four in the morning... I'm going to go to sleep.,No.
"aside from the other reasons for your visit to America, are you interested in my offer we discussed?",I must confess... I still don't know exactly what we are to do for you.,Yes.
Was she angry?,She was so mad she was spitting bullets.,Yes.
I bought the wrong math book. Here is the receipt. Can I get my money back?,Not after ten days. But you can exchange something for it.,No.
Do you realize how perfectly unmatched we are?,It's made up about one thing though.,Yes.
Is Sylvia in?,he'll be back in a couple of hours.,No.
Did he get a huge profit?,He sold his website for peanut.,No.
Are you looking for an expensive laptop?,I’m looking for a reliable one that won’t break the bank.,No.
"Oh, Prince Achmed. You're not leaving so soon, are you?",Good luck marrying her off!,Yes.
I've heard it is the worst place to go to school. Is it?,It's not as bad as all that.,No.
Do you think your parents will be angry?,My parents are going to kill me when they find out.,Yes.
You don't have a plan?,"Hey, I'm making this up as I go",No.
That cake looks delicious. Aren't you going to have some with me?,But that was a huge meal we just had.,No.
"You getting this, Winifred?",Every word.,Yes.
Is that a big mall?,That mall is large enough to have its own zip code.,Yes.
This anything I should know about?,Nothing out of the routine.,No.
You think it's so easy?,Easy enough for you.,Yes.
Do you want to come out for a juice?,I am so thirsty that my throat is as dry as a bone.,Yes.
Are you all right?,Perfect! Never been better.,Yes.
Could you finish the report on time?,I bit off more than I could chew,No.
"Have you found him, Pepita? Have you found our boy?",A footprint!,No.
Does it bother you that the machine stops working like that?, I'm used to it.,No.
Have you finished sight-seeing?,Sorry. I should've come to see you first.,Yes.
Were you out with Jennifer last night?,I was out drinking with the boys. ,No.
Are you going to watch the game tomorrow?,Without a doubt!,Yes.
Any sign?,Something's going to happen out there. I can feel it.,Yes.
Can you DO that?,"My dear, sweet child. That's what I do - it's what I live for.  ",Yes.
Can you lend me some money?,I'm completely broke until payday.,No.
Have I done something to offend you?,I like all you Navy boys.,No.
Are you thirsty?,I’m thirsty as a camel.,Yes.
Are the flame androids deployed?,All twelve.,Yes.
Did you have a good time at the party?,It was gas.,No.
You mean I pretend I have a mom?,"You can do that, can't you?",Yes.
We're supposed to believe that?,That's right.,Yes.
"Oh, hello. Are you guys here to look at the refrigerator?",We're here to look at the TV. Heh heh.,No.
Should I go to their house?,It is a den of iniquity.,No.
Isn't this great?,delightful,Yes.
Are you willing to relocate?,"I’m willing to travel internationally, but relocating is out of the question.",No.
Did he ask you to marry him?,He has been beating around the bush.,No.
Should I convince these clients?,These are really important clients with deep pockets.,Yes.
Am I going too fast?,You're walking slower than a snail.,No.
Can I trust George?,He is as clean as a whistle.,Yes.
Is th job going to be easy?,You have big shoes to fill.,No.
Seen the late edition?, I'm afraid so.,"Yes.
"
So you think now everything's gonna turn back to normal?,As normal as it could be.,Yes.
Is it hot outside?,You could fry an egg on the sidewalk.,Yes.
This is large. Will this suit her?,She's as thin as a toothpick.,No.
Do you think you can give me a ride home?,A friend in need is a friend indeed.,Yes.
Were daddy's expectations really that high?,"Please, spare me the psycho-babble father bullshit.",Yes.
Can you help me with this problem?,Beats me.,No.
You can come to my house for dinner?,I'm hiding out.,No.
"You know that, don't you?
",It wouldn't matter much.,Yes.
is it dark always?,In the beginning it is always dark.,No.
He still dead?,Far as I know.,Yes.
Can you come to work today?,I'm down with the flu.,No.
Is she healthy?,She is all skin and bones.,No.
Does it look good?,It is divine.,Yes.
I am not quite happy here. Do you think I should fill in the survey ?,It is people like you whom we can aim to target for improvement.,Yes.
Don't you think there's more to our future than jelly?,"Well, I'm also considering a line of jams...",Yes.
"Oh. So, um, I should...stop talking?",If you can,Yes.
Are you rich?,We don't have two cents to rub together.,No.
Is she tall?,She’s as tall as a beanpole.,Yes.
Can't we just settle this over a pint?,Kill the beast!,No.
Did you get angry yesterday?,I completely lost my head.,Yes.
Do you feel better?,Frightened.,No.
Hi honey! Sorry we're late. You okay?,"Much better, now that you're here.",Yes.
Does it bother you that your husband goes away on long business trips?,Absence makes the heart grow fonder.,No.
Was that a long lecture?,I thought that lecture would never end.,Yes.
"Master, are you pointing at...me?",Him.,No.
Can we watch your TV?,Y... Y... You're expelled! Get out!,No.
"We, we can't wait for a snail. Do you want me to carry you?","Don't worry, it's a racing snail.",No.
Am I late?,No time to talk.,Yes.
You want me to come out there and play private eye?,Consider it.,Yes.
Would you like us to get you another goldfish?,He's fine.,No.
Did I miss anything good from the drama club's production last night?,Hardly. I was looking at my watch all the time.,No.
Do you have field hands that help you?,We work the land alone.,No.
Is Peter like you?,We're just as different as night and day.,No.
"Sally, that soup ready yet?",Coming.,Yes.
Is that a snake?,Belt! New and improved! It's even self-tightening. Ow!,No
Did I scare him off?,This battle is between you and me.,Yes.
Did you like the show?,"to me, it's like watching grass grow.",No.
"But Dad, didn't you ever, I dunno, want to do something else?",When I was young and crazy.. I thought about running away and learning how to make tofu. ,Yes.
Did he like the college?,He said he had the time of his life.,Yes.
Is is far away from here?,I walked a million miles to get there.,Yes.
Have you any news for me?,I've made progress.,Yes.
Are you sure that I should do it?,You’ve got to do what you’ve got to do,Yes.
Is the bangle clean now?,It is as shiny as a new pin,Yes.
Do you think you will ever work at that company again?,When pigs fly.,No.
Are you alright?,"I just, I wish I could've done something.",No.
Is your work exciting?,it is important. ,No.
Can you sit with me to have a look at these outlines?,I am tied up at this moment.,No.
They've found me! They're after you?,My father must have sent them,Yes.
"You trust me to keep your money, but not to take your picture?",Those are two different kinds of trust.,Yes.
"You're going to see your little brother?
", First thing.,Yes.
"They grow up so fast, don't they?",Too fast.,Yes.
Do you have any agricultural background?,I used to work in an office,No.
is he a nutcase?,He's a Rockbiter.,No.
Am I nuts?,Not completely.,Yes.
Would you like to hear it?,I'd be so grateful.,Yes.
Are you going to talk to Mark?,I have a bone to pick with Mark.,Yes.
Are you sure about this?,Have I ever been wrong? I mean when it's important!,Yes.
Did that help? Did you learn anything?,We established that we have no communication.,No.
And does Abu have anything else to say?,"Well, uh, he wishes there was something he could do to help.",Yes.
Do you want to quit?,I’ve never been the type of person who throws in the towel when things get tough.,No.
Is he with his parents?,Until he gets back on his feet.,Yes.
Can you pitch?,I'm not bad.,Yes.
can you tell my future from these stars?,"The stars don't tell the future, Donkey. They tell stories.",No.
Are you going for the party?,Is the pope Catholic?,Yes.
Are you able to carry the box?,It is as light as a feather.,Yes.
Do you sell calculators?,We are all sold out. We wont probably have any more in for a few weeks.,Yes.
Beautiful isn't it?,They're disgusting.,No.
Are you sure that's the plan?,You bet that's the plan!,Yes.
Are you Zuria?,He's inside.,No.
Will that make everything alrigt?,Thank you.,Yes.
Am I better than your sister?,You can't hold a candle to my sister.,No.
"in your opinion, was Private Santiago a good marine?",I'd say he was about average.,No.
"I think you'd make a fine writer, did you ask your Dad?",He won't give it to me.,No.
Did their answer annoy you?,That's what really gets up my nose,Yes.
It does what you tell it?,"Well, sort of.",Yes.
Are you still working on that same painting?,Hey! Rome was not built in one day!,Yes.
Was all the proposals good?,Only one made the cut.,No.
You want to try?,We can ask for nothing better.,Yes.
Should I water your plants while you are away?,Thanks for the offer. But Mark already said that he will have an eye on them.,No.
Would you like me to take you home?,God. You would.,Yes.
You don't mind taking care of that dog?,It is a labor of love.,No.
"Can he play the violin?
",Can a pig fly?,No.
You're blaming us?,I am thanking you.,No.
Did I explain it well?,Your explanation is as clear as mud.,No.
Are you going to tell him you've been sneaking it out of his wallet?,"All right, you know what I'm gonna do?",Yes.
You did it?,I mean it's my theory that I did it. Under post-hypnotic suggestion. With an amnesia block so I wouldn't remember,No.
And you didn't try to find out who?,"Believe me, I've done everything possible short of asking Agnes.",No.
Did Jeffery consider jim?,Jeffrey gave him the cold shoulder.,No.
Will you be staying in Gotham for a while?, As far as I know.,Yes.
You looked out for him?,He looked out for me. He taught me.,No.
Do you love eating that?,It is one of my favourite meals.,Yes.
"Is someone unable to breathe, sir?","It is, I believe, cardiac arrest.",Yes.
Do you love me?,My love for you is as deep as the ocean.,Yes.
Do you believe they have a defense?,"It doesn't matter what I believe, it only matters what I can prove.",Yes.
Let's have a pizza for dinner.,I am on diet. ,No.
Was Benny emotional?,Benny always wears his heart on his sleeve,Yes.
Are there any more cookies?,All gone.,No.
Is that any way to talk to your mother?,You aren't my mother.,No.
Is he honest?,He is an open book.,Yes.
Should we go fishing?,Fishing is off season.,No.
I cant believe how much similar you both look. Are you related?,People are always assuming that we are related.,No.
You have trouble sleeping?,I get headaches.,Yes.
Do you suppose I was dropped on my head?,I hope not.,No.
Didn't he work for the Church?,Almost exclusively.,Yes.
Do you agree with me?,You are preaching to the choir.,Yes.
"Wilbur, are you alright?","Don't worry ma'am, I'll handle this.",Yes.
"They were fine?
",All is good.,Yes
"But you're saying, you're a daughter of Eve?","Well, my mum's name is Helen…",No.
Can somebody come inhere and work on Shrek please?,I will see what I can do.,Yes.
did you do that?,"I, I didn't know I could.",Yes.
That cake looks delicious. Aren't you going to have some with me?,Birthday's come only once in a year.,Yes.
Do you know how to play the violin?,Do cats meow?,Yes.
"Winifred, did I say that I was going to take the children to the bank?","It certainly sounded that way, dear.",Yes.
Am I right?,I would think so.,Yes.
Will the three of us fit?,There's plenty of room.,Yes.
Wonderful. You won the scolarship. Can you believe it?,It almost too good to be true.,No.
Will we ever go back?,"I expect so, probably when you least expect it.",Yes.
Is it a good product?,They had put a lot of thought into making it.,Yes.
Is it true that you mother has cancer?,She has been sick for three months.,Yes.
Is he enthusiastic?,He is an eager beaver.,Yes.
Anything new?, The usual gas.,No.
Aren't you scared?,Sometimes.,Yes.
"You don't look normal. Are you all right?""",I have a headache.,No.
"Hey, man, did this happen by accident or was it done deliberately?",It's hard to say.,No.
Have you found the place at last?,It was futile.,No.
Do you think that Dr. Luby will organize a theatre trip to New York this year?,I have already signed up for it.,Yes.
Is that a big turkey?,That turkey could feed an army!,Yes.
Are you a morning person?,I’m more of a night owl.,No.
Does she eat a lot?,She eats like a bird.,No.
"Uh, keep an eye on uncle Albert, will you, Bert?",I'll sit with him a while.,Yes.
Would you like some milk in your coffee?,Please,Yes.
Perhaps it can be improved?,No problem!,Yes.
And do you want my permission?,I'd like yours too.,Yes.
Are you a shiftless dreamer?, Not anymore.,No.
Would you like me to take care of that?,if you feel like it.,Yes.
Could he hit?,Lifetime 356 average. Third highest in history.,Yes.
"Do you need someone to help you send messages to customers by email ?
",That's my job. I am on top of that.,No.
Should I bring my umbrella?,Better safe than sorry.,Yes.
Can you see the spot?,It is as bright as a button.,Yes.
Are the shops open at night?,New York is the city that never sleeps.,Yes.
Did he finish the painting?,Does the sun rise in the west?,"No.
"
Do you think we were right?,I think you'd lose.,No.
Did you get a mail about this party?,Word of mouth.,No.
Mind if I leave my umbrella here in the hallway?,Not at all. But first shake it outside .Would you?,No.
"You mean like, hide and seek?",Perfect! Hide and seek in the rain.,Yes.
Do you think I should finish it fast?,Time is ticking away.,Yes.
Are you planning to buy a house?,I really want a place to call my own.,Yes.
Do you think I should attend the interview?,Do you want to be a failure for the rest of your life?,Yes.
"Do you mean the girl by the fire?
",The girl with a torch.,No.
Have you had a chance to wear your new shirt yet?,I have been trying to exchange it for a larger size.,No.
You heard what I said?,Every word.,Yes.
Weren't you afraid you couldn't escape ?,But it's only a story.,No.
Would he fire me?,He's all bark and no bite.,No.
Do you want a flashlight?,that's okay. I'll be fine.,No.
Can he feel it if I pet him?,I guess.,Yes.
You do this often?,It's my first time.,No.
"Do you know, how long is Uncle Arthur staying with us?",Ask your father.,No.
Are these all books for your history course?,A lot of these are optional. You know me. When I do something I give 200%.,No.
Would you like to go to the show?,I'm all for it.,Yes.
Should I go straight at this intersection?,Hang a left.,No.
Want me to give you a hand changing her?,"don't worry, I'm used to it.",No.
Do you have a lot of papers to grade?,I have a ton of papers to grade.,Yes.
"Have you seen my watch?
",I will take a look for it around my house.,No.
Have they reached an agreement?,It seems they didn’t have any common ground to stand on.,No.
But didn't those friends of yours tell you what formula they usually give the baby?,actually they had to leave unexpectedly. They had to catch a plane…,No.
Was that a great offer?,I was on the fence about whether to accept the offer.,No.
Is your neighbour old?,Older than dirt.,Yes.
Can I help you?,I'm in a bad place. I wanna turn myself in for treatment.,Yes.
Are you going to tell him what you think?,You bet your boots I am.,Yes.
Are you ready?,All systems are go.,Yes.
Think it's in there?,All right. Let's get it!,Yes.
did you hear that song on the way in to work this morning?,Everything is Awesome? I love that song.,Yes.
Did you hear that Mary turned out that job?,The hours were convenient. But it was not enough to make the ends meet.,Yes.
Was that easy to find me?,It took forever to find you.,No.
Could you finish the chores ?,It was a ton of chores to do.,No.
"Excuse me, can I borrow your guitar?","Sorry, muchacho.",No.
Will she scold you?,She is going to kill me.,Yes.
Did she look pretty?,She was as cute as a kitten,Yes.
Could you gets tickets for the concert?,I completely missed the boat.,No.
Is it also true that you saw no boat around here at Lisca between yesterday and this morning?,"How many times do I have to tell you, Marshal, that I was at Panarea.",No.
Do you recommend that I talk with the boss?,I would advise against it.,No.
You don't add some kind of special sauce or something?,"Don't have to. To make something special, you just have to believe it's special.",No.
Does professor Ford always come to class?,She is ice cold.,yes.
"Are you feeling, alright?",I'm afraid.,No.
Do you like that theory?,Sounds good. Let's move on.,Yes.
"You're both comin', right?",We're already here,Yes.
"Could I have some money,
to buy a new belt?",I know you want one. ,Yes.
"You have it, then?",I had to slit a few throats to get it.,Yes.
Are you going to talk to Mark?,I want to get this off my chest.,Yes.
You've already brought me the entire Ten thousand miles?,"Only nine thousand eight hundred and ninety one, as the dragon flies.",No.
Do you know where he is?,I'll find him.,No.
You're really gonna pop the question?,"Got the ring. Got the airline tickets. Soon as they break that piñata, we'll grab a cab - and it's off to the land of palm trees and coconuts.",Yes.
Did she smile at you?,Her smile was a mile wide.,Yes.
"You are a musician, no?",I only really play for myself,No.
"So is everything good, fellas?",I am panicked,No
You guys used to date regularly?,Hardly,No.
Are you okay?,Is official. My powers are kaput.,No.
Does he work hard?,He has never done a lick of work in his life.,No.
Did you fingerprint or anything?,"these guys always wear Gloves.
",No.
I cant read the service problem. Can you help me?,Neither can I.,No.
"Should it not be a wonderful, romantic moment?","sorry, lady. There's no time.",Yes.
"You think they'll let us go back to our platoon soon, ma'am?",Absolutely.,Yes.
Do you ever consider... do you realize that Mary may never come back?,"I think about it everyday. But, every time the phone rings... every single time, I still think it's her.",No.
"Dr. Nefario! Come on, you're kidding, right?",It's a great opportunity for me,No.
Are you a Dodgers' fan?,I don't like baseball.,No.
Does she walk fast?,She walks as slow as a turtle.,No.
Are you sad about losing your job?,It turned out to be a blessing in disguise.,No.
Do they fight?,They fight like cats and dogs.,Yes.
Will you start processing soon?,We shall proceed with your order in no time.,Yes.
Are there more like you?  ,Dead. All dead. Long time.,No.
"Fred, is there something you want to tell me about the lodge meeting?",I don't wanna think about it.,No.
Does this look good?,That's it weirdo!,No.
Would he be able to recite the song?,Do dogs bark?,Yes.
Have you ever dealt with anything like this?,"Have you met my father?
",Yes.
Did it succeed?,The whole matter is on the verge of failure.,No.
You....you actually believe her?,Well don't you?,Yes.
Did they like the proposal we put together?, It looks like it’s back to the drawing board.,No.
Am I the love of your life?,I'm still angry at you.,No.
Did you sleep well last night?,"Last night, I slept like a log.",Yes.
Is it a difficult test?,It would be a piece of cake,No.
But do you think next time we could go to the same game?,No problem.,Yes.
Are you giving me a ride?,Don't need to.,No.
Isn't it fantastic?,it - it's great. Now let's get outta here.,Yes.
Did I do it well?,You were as brave as a lion.,Yes.
You wanna give up now?,This was your dream. You'll manage.,Yes.
"Hey, Donna, man, do you like cats?",Dripping little things. Moving along about a foot above the ground.,No.
Would you like to order dinner?,Bear in mind that I do not speak French.,No.
"Heh. That's a joke, right?",What's a joke?,No.
Do you like some Jams or jellies?,"Oh, attitude! That's right! So thanks, but no thanks.",No.
Was he happy?,was on cloud nine.,Yes.
Are you sure this is a good idea?,"Look, if Artie trusts him, that's good enough for me.",Yes.
Does anyone know how to pick alock?,Sure. Picking locks is my thing.,Yes.
Can you drive that far?,Can fish swim?,Yes.
Do you think father made all his money?,He inherited it.,No.
Are you feeling alright?,"I've been ordered into bed. The doctor says I've gotten the flu, or some other wretched ailment.",Yes.
Do you have your breakfast?,I've got some sandwiches in my pack.,Yes.
Is it too risky of an investment?,I think you’re playimg with fire.,Yes.
Are you busy?,I’m drowning in work.,No.
you want to team-up?,"You got the brains, I got the brawn.",Yes.
Was that easy to find?,I had to walk to the ends of the Earth to find it!,No.
Is she still out there?,"You know she hates the cave, Grug.",Yes.
"You, uh, you don't want to go for a ride, do you?",Is it safe?,Yes.
Is it too much?,it's all great.,No.
Like it ?,it's wonderful !,Yes.
Are you sure?,It's a known fact.,Yes.
Is he - dead?,"Oh, I - I can't make out a heartbeat.",Yes.
Do you think you will be able to finish your report by five o'clock today?,Not a chance. I'll be busy in meetings all day.,No.
That is how it's going to be?,That is how it must be.,Yes.
You want answers?,I think I'm entitled to them.,Yes.
You really hate music that much?,I will not let you go down the same path he did.,Yes.
Did they speak in turns?,one after the other.,Yes.
"Hey, did you guys see the moon landing on TV?",I can't believe it. It's so cool…,Yes.
Did you like it?,I was glad when it was over.,No.
"I wonder, Bob, if you can handle my car?",It's an ordinary six cylinder.,Yes.
Is there a bus I can get to the station.,You can't rely on it.,Yes.
Shall we get spots?,"Oh, highly unlikely.",No.
"You're like, a private detective?",That's exactly what I am.,Yes.
Did you hear something?,"Hmm, I wonder what this one is?",No.
don't you stay for a nightcap? ,I've gotta get up early,No.
Is it nearby?,It will only take me two seconds to get there.,No.
Are you dressed up to go to bingo?,"Ahh, I just wanna look nice.",No.
Got any more of those?, Nothing I'm at liberty to reveal here.,Yes.
You liked Sister Paul?,She was kind to me. She told me I was beautiful.,Yes.
Are you alone?,Dan and I had a fight and he split.,Yes.
Don’t you think that professor Mark’s tests are too difficult?,well I must had been. I was expecting past more than a passing grade in Biology.,yes.
Is your uncle rich?,"Well, let's just say he is well off.",No.
Have you seen them recently?,I haven’t seen them in ages.,No.
Did the health minister track all the patients?,The health minister tracked some of the patients.,No.
waiting for us?,You got to be joking!,No.
Have you ever been to Corto Maltese?,Not since the shooting started.,Yes.
Do you still have the gun?,You told me to give it back.,No.
"You don't believe their story, do you?",I believe every word they said.,Yes.
Did you go there?,I didn't need to --,No.
Do you sail?,"Too much work. I'm not really the physical type.
",No.
Are you friends?,We almost never see eye to eye.,No.
Is he rich ?,He was born with a spoon in his mouth.,Yes.
Could you perform well?,Being bilingual would help put me ahead of the pack.,Yes.
Do you enjoy fishing underwater?,I detest it.,No.
Did you argue with the clerk?,"I was really angry, but I managed to hold my tongue.",No.
You're all right?,Cold and wet but alive.,No.
Do you want this so badly?, It is everything.,Yes.
Is he currently employed?,He's... he's going through a bad patch at the moment. But it's not his fault.,No.
I noticed that you have not installed that program on your computer. Shall I sit with you with the instruction manual?,That would be great. You need a phD to undertand it.,Yes.
You knew about the Earthling child ?!,I knew everything.,Yes.
Does he have problems with his acconting project?,He has been struggling with that from day one.,Yes. 
Did you ask her?,ve done everything possible short of asking her,No.
Kids? Are they okay?,"They're alright, baby.",Yes.
Do you like my new outfit?,You shouldn’t be allowed to buy clothes.,No.
Is the professor friendly?,He is as cool as a cucumber.,Yes.
"That's some magnificent view, isn't it?",It's wonderful -- Life is wonderful!,Yes.
Does it rain frequently?,It only rains here once in a blue moon.,No.
Is it raining heavily?,It’s raining cats and dogs.,Yes.
Is this where I get travelling papers?,It would be if we let you travel which we don’t so it isn’t.,Yes.
Are you still waiting for Bob?,I don’t know why I bother. The store wll be closed by the time we get there.,yes.
"Getting into trouble a little early today, aren't we Aladdin?",Trouble? You're only in trouble if you get caught,No.
Are they gonna try to eat our Brains?,I think you'll be safe.,No.
You're admitting evidence of a flight that never existed?,"We believe it did, sir.",No.
Would you like to join me on a tour of my kingdom tomorrow?,"Wonderful, now let's eat, before this crab wanders off my plate.",Yes.